experiment_id	dataset	seed	config_path	output_root
r22_qc_jobs_seed42	jobs	42	configs/experiments/single_node_tuning_round22_bandit/quick_compare_repeat30/r22_qc_jobs_seed42.yaml	paper-new-round22/outputs/quick_compare_repeat30/jobs/seed42
r22_qc_jobs_seed123	jobs	123	configs/experiments/single_node_tuning_round22_bandit/quick_compare_repeat30/r22_qc_jobs_seed123.yaml	paper-new-round22/outputs/quick_compare_repeat30/jobs/seed123
r22_qc_jobs_seed456	jobs	456	configs/experiments/single_node_tuning_round22_bandit/quick_compare_repeat30/r22_qc_jobs_seed456.yaml	paper-new-round22/outputs/quick_compare_repeat30/jobs/seed456
r22_qc_jobs_seed789	jobs	789	configs/experiments/single_node_tuning_round22_bandit/quick_compare_repeat30/r22_qc_jobs_seed789.yaml	paper-new-round22/outputs/quick_compare_repeat30/jobs/seed789
r22_qc_jobs_seed1024	jobs	1024	configs/experiments/single_node_tuning_round22_bandit/quick_compare_repeat30/r22_qc_jobs_seed1024.yaml	paper-new-round22/outputs/quick_compare_repeat30/jobs/seed1024
r22_qc_jobs_seed2048	jobs	2048	configs/experiments/single_node_tuning_round22_bandit/quick_compare_repeat30/r22_qc_jobs_seed2048.yaml	paper-new-round22/outputs/quick_compare_repeat30/jobs/seed2048
r22_qc_jobs_seed4096	jobs	4096	configs/experiments/single_node_tuning_round22_bandit/quick_compare_repeat30/r22_qc_jobs_seed4096.yaml	paper-new-round22/outputs/quick_compare_repeat30/jobs/seed4096
r22_qc_jobs_seed8192	jobs	8192	configs/experiments/single_node_tuning_round22_bandit/quick_compare_repeat30/r22_qc_jobs_seed8192.yaml	paper-new-round22/outputs/quick_compare_repeat30/jobs/seed8192
r22_qc_jobs_seed100	jobs	100	configs/experiments/single_node_tuning_round22_bandit/quick_compare_repeat30/r22_qc_jobs_seed100.yaml	paper-new-round22/outputs/quick_compare_repeat30/jobs/seed100
r22_qc_jobs_seed200	jobs	200	configs/experiments/single_node_tuning_round22_bandit/quick_compare_repeat30/r22_qc_jobs_seed200.yaml	paper-new-round22/outputs/quick_compare_repeat30/jobs/seed200
r22_qc_jobs_seed300	jobs	300	configs/experiments/single_node_tuning_round22_bandit/quick_compare_repeat30/r22_qc_jobs_seed300.yaml	paper-new-round22/outputs/quick_compare_repeat30/jobs/seed300
r22_qc_jobs_seed400	jobs	400	configs/experiments/single_node_tuning_round22_bandit/quick_compare_repeat30/r22_qc_jobs_seed400.yaml	paper-new-round22/outputs/quick_compare_repeat30/jobs/seed400
r22_qc_jobs_seed500	jobs	500	configs/experiments/single_node_tuning_round22_bandit/quick_compare_repeat30/r22_qc_jobs_seed500.yaml	paper-new-round22/outputs/quick_compare_repeat30/jobs/seed500
r22_qc_jobs_seed600	jobs	600	configs/experiments/single_node_tuning_round22_bandit/quick_compare_repeat30/r22_qc_jobs_seed600.yaml	paper-new-round22/outputs/quick_compare_repeat30/jobs/seed600
r22_qc_jobs_seed700	jobs	700	configs/experiments/single_node_tuning_round22_bandit/quick_compare_repeat30/r22_qc_jobs_seed700.yaml	paper-new-round22/outputs/quick_compare_repeat30/jobs/seed700
r22_qc_jobs_seed800	jobs	800	configs/experiments/single_node_tuning_round22_bandit/quick_compare_repeat30/r22_qc_jobs_seed800.yaml	paper-new-round22/outputs/quick_compare_repeat30/jobs/seed800
r22_qc_jobs_seed900	jobs	900	configs/experiments/single_node_tuning_round22_bandit/quick_compare_repeat30/r22_qc_jobs_seed900.yaml	paper-new-round22/outputs/quick_compare_repeat30/jobs/seed900
r22_qc_jobs_seed1111	jobs	1111	configs/experiments/single_node_tuning_round22_bandit/quick_compare_repeat30/r22_qc_jobs_seed1111.yaml	paper-new-round22/outputs/quick_compare_repeat30/jobs/seed1111
r22_qc_jobs_seed1212	jobs	1212	configs/experiments/single_node_tuning_round22_bandit/quick_compare_repeat30/r22_qc_jobs_seed1212.yaml	paper-new-round22/outputs/quick_compare_repeat30/jobs/seed1212
r22_qc_jobs_seed1313	jobs	1313	configs/experiments/single_node_tuning_round22_bandit/quick_compare_repeat30/r22_qc_jobs_seed1313.yaml	paper-new-round22/outputs/quick_compare_repeat30/jobs/seed1313
r22_qc_jobs_seed1414	jobs	1414	configs/experiments/single_node_tuning_round22_bandit/quick_compare_repeat30/r22_qc_jobs_seed1414.yaml	paper-new-round22/outputs/quick_compare_repeat30/jobs/seed1414
r22_qc_jobs_seed1515	jobs	1515	configs/experiments/single_node_tuning_round22_bandit/quick_compare_repeat30/r22_qc_jobs_seed1515.yaml	paper-new-round22/outputs/quick_compare_repeat30/jobs/seed1515
r22_qc_jobs_seed1616	jobs	1616	configs/experiments/single_node_tuning_round22_bandit/quick_compare_repeat30/r22_qc_jobs_seed1616.yaml	paper-new-round22/outputs/quick_compare_repeat30/jobs/seed1616
r22_qc_jobs_seed1717	jobs	1717	configs/experiments/single_node_tuning_round22_bandit/quick_compare_repeat30/r22_qc_jobs_seed1717.yaml	paper-new-round22/outputs/quick_compare_repeat30/jobs/seed1717
r22_qc_jobs_seed1818	jobs	1818	configs/experiments/single_node_tuning_round22_bandit/quick_compare_repeat30/r22_qc_jobs_seed1818.yaml	paper-new-round22/outputs/quick_compare_repeat30/jobs/seed1818
r22_qc_jobs_seed1919	jobs	1919	configs/experiments/single_node_tuning_round22_bandit/quick_compare_repeat30/r22_qc_jobs_seed1919.yaml	paper-new-round22/outputs/quick_compare_repeat30/jobs/seed1919
r22_qc_jobs_seed2020	jobs	2020	configs/experiments/single_node_tuning_round22_bandit/quick_compare_repeat30/r22_qc_jobs_seed2020.yaml	paper-new-round22/outputs/quick_compare_repeat30/jobs/seed2020
r22_qc_jobs_seed2222	jobs	2222	configs/experiments/single_node_tuning_round22_bandit/quick_compare_repeat30/r22_qc_jobs_seed2222.yaml	paper-new-round22/outputs/quick_compare_repeat30/jobs/seed2222
r22_qc_jobs_seed2468	jobs	2468	configs/experiments/single_node_tuning_round22_bandit/quick_compare_repeat30/r22_qc_jobs_seed2468.yaml	paper-new-round22/outputs/quick_compare_repeat30/jobs/seed2468
r22_qc_jobs_seed3141	jobs	3141	configs/experiments/single_node_tuning_round22_bandit/quick_compare_repeat30/r22_qc_jobs_seed3141.yaml	paper-new-round22/outputs/quick_compare_repeat30/jobs/seed3141
r22_qc_congressional_seed42	congressional	42	configs/experiments/single_node_tuning_round22_bandit/quick_compare_repeat30/r22_qc_congressional_seed42.yaml	paper-new-round22/outputs/quick_compare_repeat30/congressional/seed42
r22_qc_congressional_seed123	congressional	123	configs/experiments/single_node_tuning_round22_bandit/quick_compare_repeat30/r22_qc_congressional_seed123.yaml	paper-new-round22/outputs/quick_compare_repeat30/congressional/seed123
r22_qc_congressional_seed456	congressional	456	configs/experiments/single_node_tuning_round22_bandit/quick_compare_repeat30/r22_qc_congressional_seed456.yaml	paper-new-round22/outputs/quick_compare_repeat30/congressional/seed456
r22_qc_congressional_seed789	congressional	789	configs/experiments/single_node_tuning_round22_bandit/quick_compare_repeat30/r22_qc_congressional_seed789.yaml	paper-new-round22/outputs/quick_compare_repeat30/congressional/seed789
r22_qc_congressional_seed1024	congressional	1024	configs/experiments/single_node_tuning_round22_bandit/quick_compare_repeat30/r22_qc_congressional_seed1024.yaml	paper-new-round22/outputs/quick_compare_repeat30/congressional/seed1024
r22_qc_congressional_seed2048	congressional	2048	configs/experiments/single_node_tuning_round22_bandit/quick_compare_repeat30/r22_qc_congressional_seed2048.yaml	paper-new-round22/outputs/quick_compare_repeat30/congressional/seed2048
r22_qc_congressional_seed4096	congressional	4096	configs/experiments/single_node_tuning_round22_bandit/quick_compare_repeat30/r22_qc_congressional_seed4096.yaml	paper-new-round22/outputs/quick_compare_repeat30/congressional/seed4096
r22_qc_congressional_seed8192	congressional	8192	configs/experiments/single_node_tuning_round22_bandit/quick_compare_repeat30/r22_qc_congressional_seed8192.yaml	paper-new-round22/outputs/quick_compare_repeat30/congressional/seed8192
r22_qc_congressional_seed100	congressional	100	configs/experiments/single_node_tuning_round22_bandit/quick_compare_repeat30/r22_qc_congressional_seed100.yaml	paper-new-round22/outputs/quick_compare_repeat30/congressional/seed100
r22_qc_congressional_seed200	congressional	200	configs/experiments/single_node_tuning_round22_bandit/quick_compare_repeat30/r22_qc_congressional_seed200.yaml	paper-new-round22/outputs/quick_compare_repeat30/congressional/seed200
r22_qc_congressional_seed300	congressional	300	configs/experiments/single_node_tuning_round22_bandit/quick_compare_repeat30/r22_qc_congressional_seed300.yaml	paper-new-round22/outputs/quick_compare_repeat30/congressional/seed300
r22_qc_congressional_seed400	congressional	400	configs/experiments/single_node_tuning_round22_bandit/quick_compare_repeat30/r22_qc_congressional_seed400.yaml	paper-new-round22/outputs/quick_compare_repeat30/congressional/seed400
r22_qc_congressional_seed500	congressional	500	configs/experiments/single_node_tuning_round22_bandit/quick_compare_repeat30/r22_qc_congressional_seed500.yaml	paper-new-round22/outputs/quick_compare_repeat30/congressional/seed500
r22_qc_congressional_seed600	congressional	600	configs/experiments/single_node_tuning_round22_bandit/quick_compare_repeat30/r22_qc_congressional_seed600.yaml	paper-new-round22/outputs/quick_compare_repeat30/congressional/seed600
r22_qc_congressional_seed700	congressional	700	configs/experiments/single_node_tuning_round22_bandit/quick_compare_repeat30/r22_qc_congressional_seed700.yaml	paper-new-round22/outputs/quick_compare_repeat30/congressional/seed700
r22_qc_congressional_seed800	congressional	800	configs/experiments/single_node_tuning_round22_bandit/quick_compare_repeat30/r22_qc_congressional_seed800.yaml	paper-new-round22/outputs/quick_compare_repeat30/congressional/seed800
r22_qc_congressional_seed900	congressional	900	configs/experiments/single_node_tuning_round22_bandit/quick_compare_repeat30/r22_qc_congressional_seed900.yaml	paper-new-round22/outputs/quick_compare_repeat30/congressional/seed900
r22_qc_congressional_seed1111	congressional	1111	configs/experiments/single_node_tuning_round22_bandit/quick_compare_repeat30/r22_qc_congressional_seed1111.yaml	paper-new-round22/outputs/quick_compare_repeat30/congressional/seed1111
r22_qc_congressional_seed1212	congressional	1212	configs/experiments/single_node_tuning_round22_bandit/quick_compare_repeat30/r22_qc_congressional_seed1212.yaml	paper-new-round22/outputs/quick_compare_repeat30/congressional/seed1212
r22_qc_congressional_seed1313	congressional	1313	configs/experiments/single_node_tuning_round22_bandit/quick_compare_repeat30/r22_qc_congressional_seed1313.yaml	paper-new-round22/outputs/quick_compare_repeat30/congressional/seed1313
r22_qc_congressional_seed1414	congressional	1414	configs/experiments/single_node_tuning_round22_bandit/quick_compare_repeat30/r22_qc_congressional_seed1414.yaml	paper-new-round22/outputs/quick_compare_repeat30/congressional/seed1414
r22_qc_congressional_seed1515	congressional	1515	configs/experiments/single_node_tuning_round22_bandit/quick_compare_repeat30/r22_qc_congressional_seed1515.yaml	paper-new-round22/outputs/quick_compare_repeat30/congressional/seed1515
r22_qc_congressional_seed1616	congressional	1616	configs/experiments/single_node_tuning_round22_bandit/quick_compare_repeat30/r22_qc_congressional_seed1616.yaml	paper-new-round22/outputs/quick_compare_repeat30/congressional/seed1616
r22_qc_congressional_seed1717	congressional	1717	configs/experiments/single_node_tuning_round22_bandit/quick_compare_repeat30/r22_qc_congressional_seed1717.yaml	paper-new-round22/outputs/quick_compare_repeat30/congressional/seed1717
r22_qc_congressional_seed1818	congressional	1818	configs/experiments/single_node_tuning_round22_bandit/quick_compare_repeat30/r22_qc_congressional_seed1818.yaml	paper-new-round22/outputs/quick_compare_repeat30/congressional/seed1818
r22_qc_congressional_seed1919	congressional	1919	configs/experiments/single_node_tuning_round22_bandit/quick_compare_repeat30/r22_qc_congressional_seed1919.yaml	paper-new-round22/outputs/quick_compare_repeat30/congressional/seed1919
r22_qc_congressional_seed2020	congressional	2020	configs/experiments/single_node_tuning_round22_bandit/quick_compare_repeat30/r22_qc_congressional_seed2020.yaml	paper-new-round22/outputs/quick_compare_repeat30/congressional/seed2020
r22_qc_congressional_seed2222	congressional	2222	configs/experiments/single_node_tuning_round22_bandit/quick_compare_repeat30/r22_qc_congressional_seed2222.yaml	paper-new-round22/outputs/quick_compare_repeat30/congressional/seed2222
r22_qc_congressional_seed2468	congressional	2468	configs/experiments/single_node_tuning_round22_bandit/quick_compare_repeat30/r22_qc_congressional_seed2468.yaml	paper-new-round22/outputs/quick_compare_repeat30/congressional/seed2468
r22_qc_congressional_seed3141	congressional	3141	configs/experiments/single_node_tuning_round22_bandit/quick_compare_repeat30/r22_qc_congressional_seed3141.yaml	paper-new-round22/outputs/quick_compare_repeat30/congressional/seed3141
r22_qc_forums_seed42	forums	42	configs/experiments/single_node_tuning_round22_bandit/quick_compare_repeat30/r22_qc_forums_seed42.yaml	paper-new-round22/outputs/quick_compare_repeat30/forums/seed42
r22_qc_forums_seed123	forums	123	configs/experiments/single_node_tuning_round22_bandit/quick_compare_repeat30/r22_qc_forums_seed123.yaml	paper-new-round22/outputs/quick_compare_repeat30/forums/seed123
r22_qc_forums_seed456	forums	456	configs/experiments/single_node_tuning_round22_bandit/quick_compare_repeat30/r22_qc_forums_seed456.yaml	paper-new-round22/outputs/quick_compare_repeat30/forums/seed456
r22_qc_forums_seed789	forums	789	configs/experiments/single_node_tuning_round22_bandit/quick_compare_repeat30/r22_qc_forums_seed789.yaml	paper-new-round22/outputs/quick_compare_repeat30/forums/seed789
r22_qc_forums_seed1024	forums	1024	configs/experiments/single_node_tuning_round22_bandit/quick_compare_repeat30/r22_qc_forums_seed1024.yaml	paper-new-round22/outputs/quick_compare_repeat30/forums/seed1024
r22_qc_forums_seed2048	forums	2048	configs/experiments/single_node_tuning_round22_bandit/quick_compare_repeat30/r22_qc_forums_seed2048.yaml	paper-new-round22/outputs/quick_compare_repeat30/forums/seed2048
r22_qc_forums_seed4096	forums	4096	configs/experiments/single_node_tuning_round22_bandit/quick_compare_repeat30/r22_qc_forums_seed4096.yaml	paper-new-round22/outputs/quick_compare_repeat30/forums/seed4096
r22_qc_forums_seed8192	forums	8192	configs/experiments/single_node_tuning_round22_bandit/quick_compare_repeat30/r22_qc_forums_seed8192.yaml	paper-new-round22/outputs/quick_compare_repeat30/forums/seed8192
r22_qc_forums_seed100	forums	100	configs/experiments/single_node_tuning_round22_bandit/quick_compare_repeat30/r22_qc_forums_seed100.yaml	paper-new-round22/outputs/quick_compare_repeat30/forums/seed100
r22_qc_forums_seed200	forums	200	configs/experiments/single_node_tuning_round22_bandit/quick_compare_repeat30/r22_qc_forums_seed200.yaml	paper-new-round22/outputs/quick_compare_repeat30/forums/seed200
r22_qc_forums_seed300	forums	300	configs/experiments/single_node_tuning_round22_bandit/quick_compare_repeat30/r22_qc_forums_seed300.yaml	paper-new-round22/outputs/quick_compare_repeat30/forums/seed300
r22_qc_forums_seed400	forums	400	configs/experiments/single_node_tuning_round22_bandit/quick_compare_repeat30/r22_qc_forums_seed400.yaml	paper-new-round22/outputs/quick_compare_repeat30/forums/seed400
r22_qc_forums_seed500	forums	500	configs/experiments/single_node_tuning_round22_bandit/quick_compare_repeat30/r22_qc_forums_seed500.yaml	paper-new-round22/outputs/quick_compare_repeat30/forums/seed500
r22_qc_forums_seed600	forums	600	configs/experiments/single_node_tuning_round22_bandit/quick_compare_repeat30/r22_qc_forums_seed600.yaml	paper-new-round22/outputs/quick_compare_repeat30/forums/seed600
r22_qc_forums_seed700	forums	700	configs/experiments/single_node_tuning_round22_bandit/quick_compare_repeat30/r22_qc_forums_seed700.yaml	paper-new-round22/outputs/quick_compare_repeat30/forums/seed700
r22_qc_forums_seed800	forums	800	configs/experiments/single_node_tuning_round22_bandit/quick_compare_repeat30/r22_qc_forums_seed800.yaml	paper-new-round22/outputs/quick_compare_repeat30/forums/seed800
r22_qc_forums_seed900	forums	900	configs/experiments/single_node_tuning_round22_bandit/quick_compare_repeat30/r22_qc_forums_seed900.yaml	paper-new-round22/outputs/quick_compare_repeat30/forums/seed900
r22_qc_forums_seed1111	forums	1111	configs/experiments/single_node_tuning_round22_bandit/quick_compare_repeat30/r22_qc_forums_seed1111.yaml	paper-new-round22/outputs/quick_compare_repeat30/forums/seed1111
r22_qc_forums_seed1212	forums	1212	configs/experiments/single_node_tuning_round22_bandit/quick_compare_repeat30/r22_qc_forums_seed1212.yaml	paper-new-round22/outputs/quick_compare_repeat30/forums/seed1212
r22_qc_forums_seed1313	forums	1313	configs/experiments/single_node_tuning_round22_bandit/quick_compare_repeat30/r22_qc_forums_seed1313.yaml	paper-new-round22/outputs/quick_compare_repeat30/forums/seed1313
r22_qc_forums_seed1414	forums	1414	configs/experiments/single_node_tuning_round22_bandit/quick_compare_repeat30/r22_qc_forums_seed1414.yaml	paper-new-round22/outputs/quick_compare_repeat30/forums/seed1414
r22_qc_forums_seed1515	forums	1515	configs/experiments/single_node_tuning_round22_bandit/quick_compare_repeat30/r22_qc_forums_seed1515.yaml	paper-new-round22/outputs/quick_compare_repeat30/forums/seed1515
r22_qc_forums_seed1616	forums	1616	configs/experiments/single_node_tuning_round22_bandit/quick_compare_repeat30/r22_qc_forums_seed1616.yaml	paper-new-round22/outputs/quick_compare_repeat30/forums/seed1616
r22_qc_forums_seed1717	forums	1717	configs/experiments/single_node_tuning_round22_bandit/quick_compare_repeat30/r22_qc_forums_seed1717.yaml	paper-new-round22/outputs/quick_compare_repeat30/forums/seed1717
r22_qc_forums_seed1818	forums	1818	configs/experiments/single_node_tuning_round22_bandit/quick_compare_repeat30/r22_qc_forums_seed1818.yaml	paper-new-round22/outputs/quick_compare_repeat30/forums/seed1818
r22_qc_forums_seed1919	forums	1919	configs/experiments/single_node_tuning_round22_bandit/quick_compare_repeat30/r22_qc_forums_seed1919.yaml	paper-new-round22/outputs/quick_compare_repeat30/forums/seed1919
r22_qc_forums_seed2020	forums	2020	configs/experiments/single_node_tuning_round22_bandit/quick_compare_repeat30/r22_qc_forums_seed2020.yaml	paper-new-round22/outputs/quick_compare_repeat30/forums/seed2020
r22_qc_forums_seed2222	forums	2222	configs/experiments/single_node_tuning_round22_bandit/quick_compare_repeat30/r22_qc_forums_seed2222.yaml	paper-new-round22/outputs/quick_compare_repeat30/forums/seed2222
r22_qc_forums_seed2468	forums	2468	configs/experiments/single_node_tuning_round22_bandit/quick_compare_repeat30/r22_qc_forums_seed2468.yaml	paper-new-round22/outputs/quick_compare_repeat30/forums/seed2468
r22_qc_forums_seed3141	forums	3141	configs/experiments/single_node_tuning_round22_bandit/quick_compare_repeat30/r22_qc_forums_seed3141.yaml	paper-new-round22/outputs/quick_compare_repeat30/forums/seed3141
r22_qc_microblog_seed42	microblog	42	configs/experiments/single_node_tuning_round22_bandit/quick_compare_repeat30/r22_qc_microblog_seed42.yaml	paper-new-round22/outputs/quick_compare_repeat30/microblog/seed42
r22_qc_microblog_seed123	microblog	123	configs/experiments/single_node_tuning_round22_bandit/quick_compare_repeat30/r22_qc_microblog_seed123.yaml	paper-new-round22/outputs/quick_compare_repeat30/microblog/seed123
r22_qc_microblog_seed456	microblog	456	configs/experiments/single_node_tuning_round22_bandit/quick_compare_repeat30/r22_qc_microblog_seed456.yaml	paper-new-round22/outputs/quick_compare_repeat30/microblog/seed456
r22_qc_microblog_seed789	microblog	789	configs/experiments/single_node_tuning_round22_bandit/quick_compare_repeat30/r22_qc_microblog_seed789.yaml	paper-new-round22/outputs/quick_compare_repeat30/microblog/seed789
r22_qc_microblog_seed1024	microblog	1024	configs/experiments/single_node_tuning_round22_bandit/quick_compare_repeat30/r22_qc_microblog_seed1024.yaml	paper-new-round22/outputs/quick_compare_repeat30/microblog/seed1024
r22_qc_microblog_seed2048	microblog	2048	configs/experiments/single_node_tuning_round22_bandit/quick_compare_repeat30/r22_qc_microblog_seed2048.yaml	paper-new-round22/outputs/quick_compare_repeat30/microblog/seed2048
r22_qc_microblog_seed4096	microblog	4096	configs/experiments/single_node_tuning_round22_bandit/quick_compare_repeat30/r22_qc_microblog_seed4096.yaml	paper-new-round22/outputs/quick_compare_repeat30/microblog/seed4096
r22_qc_microblog_seed8192	microblog	8192	configs/experiments/single_node_tuning_round22_bandit/quick_compare_repeat30/r22_qc_microblog_seed8192.yaml	paper-new-round22/outputs/quick_compare_repeat30/microblog/seed8192
r22_qc_microblog_seed100	microblog	100	configs/experiments/single_node_tuning_round22_bandit/quick_compare_repeat30/r22_qc_microblog_seed100.yaml	paper-new-round22/outputs/quick_compare_repeat30/microblog/seed100
r22_qc_microblog_seed200	microblog	200	configs/experiments/single_node_tuning_round22_bandit/quick_compare_repeat30/r22_qc_microblog_seed200.yaml	paper-new-round22/outputs/quick_compare_repeat30/microblog/seed200
r22_qc_microblog_seed300	microblog	300	configs/experiments/single_node_tuning_round22_bandit/quick_compare_repeat30/r22_qc_microblog_seed300.yaml	paper-new-round22/outputs/quick_compare_repeat30/microblog/seed300
r22_qc_microblog_seed400	microblog	400	configs/experiments/single_node_tuning_round22_bandit/quick_compare_repeat30/r22_qc_microblog_seed400.yaml	paper-new-round22/outputs/quick_compare_repeat30/microblog/seed400
r22_qc_microblog_seed500	microblog	500	configs/experiments/single_node_tuning_round22_bandit/quick_compare_repeat30/r22_qc_microblog_seed500.yaml	paper-new-round22/outputs/quick_compare_repeat30/microblog/seed500
r22_qc_microblog_seed600	microblog	600	configs/experiments/single_node_tuning_round22_bandit/quick_compare_repeat30/r22_qc_microblog_seed600.yaml	paper-new-round22/outputs/quick_compare_repeat30/microblog/seed600
r22_qc_microblog_seed700	microblog	700	configs/experiments/single_node_tuning_round22_bandit/quick_compare_repeat30/r22_qc_microblog_seed700.yaml	paper-new-round22/outputs/quick_compare_repeat30/microblog/seed700
r22_qc_microblog_seed800	microblog	800	configs/experiments/single_node_tuning_round22_bandit/quick_compare_repeat30/r22_qc_microblog_seed800.yaml	paper-new-round22/outputs/quick_compare_repeat30/microblog/seed800
r22_qc_microblog_seed900	microblog	900	configs/experiments/single_node_tuning_round22_bandit/quick_compare_repeat30/r22_qc_microblog_seed900.yaml	paper-new-round22/outputs/quick_compare_repeat30/microblog/seed900
r22_qc_microblog_seed1111	microblog	1111	configs/experiments/single_node_tuning_round22_bandit/quick_compare_repeat30/r22_qc_microblog_seed1111.yaml	paper-new-round22/outputs/quick_compare_repeat30/microblog/seed1111
r22_qc_microblog_seed1212	microblog	1212	configs/experiments/single_node_tuning_round22_bandit/quick_compare_repeat30/r22_qc_microblog_seed1212.yaml	paper-new-round22/outputs/quick_compare_repeat30/microblog/seed1212
r22_qc_microblog_seed1313	microblog	1313	configs/experiments/single_node_tuning_round22_bandit/quick_compare_repeat30/r22_qc_microblog_seed1313.yaml	paper-new-round22/outputs/quick_compare_repeat30/microblog/seed1313
r22_qc_microblog_seed1414	microblog	1414	configs/experiments/single_node_tuning_round22_bandit/quick_compare_repeat30/r22_qc_microblog_seed1414.yaml	paper-new-round22/outputs/quick_compare_repeat30/microblog/seed1414
r22_qc_microblog_seed1515	microblog	1515	configs/experiments/single_node_tuning_round22_bandit/quick_compare_repeat30/r22_qc_microblog_seed1515.yaml	paper-new-round22/outputs/quick_compare_repeat30/microblog/seed1515
r22_qc_microblog_seed1616	microblog	1616	configs/experiments/single_node_tuning_round22_bandit/quick_compare_repeat30/r22_qc_microblog_seed1616.yaml	paper-new-round22/outputs/quick_compare_repeat30/microblog/seed1616
r22_qc_microblog_seed1717	microblog	1717	configs/experiments/single_node_tuning_round22_bandit/quick_compare_repeat30/r22_qc_microblog_seed1717.yaml	paper-new-round22/outputs/quick_compare_repeat30/microblog/seed1717
r22_qc_microblog_seed1818	microblog	1818	configs/experiments/single_node_tuning_round22_bandit/quick_compare_repeat30/r22_qc_microblog_seed1818.yaml	paper-new-round22/outputs/quick_compare_repeat30/microblog/seed1818
r22_qc_microblog_seed1919	microblog	1919	configs/experiments/single_node_tuning_round22_bandit/quick_compare_repeat30/r22_qc_microblog_seed1919.yaml	paper-new-round22/outputs/quick_compare_repeat30/microblog/seed1919
r22_qc_microblog_seed2020	microblog	2020	configs/experiments/single_node_tuning_round22_bandit/quick_compare_repeat30/r22_qc_microblog_seed2020.yaml	paper-new-round22/outputs/quick_compare_repeat30/microblog/seed2020
r22_qc_microblog_seed2222	microblog	2222	configs/experiments/single_node_tuning_round22_bandit/quick_compare_repeat30/r22_qc_microblog_seed2222.yaml	paper-new-round22/outputs/quick_compare_repeat30/microblog/seed2222
r22_qc_microblog_seed2468	microblog	2468	configs/experiments/single_node_tuning_round22_bandit/quick_compare_repeat30/r22_qc_microblog_seed2468.yaml	paper-new-round22/outputs/quick_compare_repeat30/microblog/seed2468
r22_qc_microblog_seed3141	microblog	3141	configs/experiments/single_node_tuning_round22_bandit/quick_compare_repeat30/r22_qc_microblog_seed3141.yaml	paper-new-round22/outputs/quick_compare_repeat30/microblog/seed3141
