experiment_id	dataset	seed	config_path	output_root	method
e1_c4only_jobs_seed42	jobs	42	configs/experiments/single_node_tuning_round23_dynamic/e1_c4only_all6_repeat6/e1_c4only_jobs_seed42.yaml	outputs/e1_c4only_all6_repeat6/jobs/seed42	e1_c4only
e1_c4only_jobs_seed123	jobs	123	configs/experiments/single_node_tuning_round23_dynamic/e1_c4only_all6_repeat6/e1_c4only_jobs_seed123.yaml	outputs/e1_c4only_all6_repeat6/jobs/seed123	e1_c4only
e1_c4only_jobs_seed456	jobs	456	configs/experiments/single_node_tuning_round23_dynamic/e1_c4only_all6_repeat6/e1_c4only_jobs_seed456.yaml	outputs/e1_c4only_all6_repeat6/jobs/seed456	e1_c4only
e1_c4only_jobs_seed789	jobs	789	configs/experiments/single_node_tuning_round23_dynamic/e1_c4only_all6_repeat6/e1_c4only_jobs_seed789.yaml	outputs/e1_c4only_all6_repeat6/jobs/seed789	e1_c4only
e1_c4only_jobs_seed1024	jobs	1024	configs/experiments/single_node_tuning_round23_dynamic/e1_c4only_all6_repeat6/e1_c4only_jobs_seed1024.yaml	outputs/e1_c4only_all6_repeat6/jobs/seed1024	e1_c4only
e1_c4only_jobs_seed2048	jobs	2048	configs/experiments/single_node_tuning_round23_dynamic/e1_c4only_all6_repeat6/e1_c4only_jobs_seed2048.yaml	outputs/e1_c4only_all6_repeat6/jobs/seed2048	e1_c4only
e1_c4only_congressional_seed42	congressional	42	configs/experiments/single_node_tuning_round23_dynamic/e1_c4only_all6_repeat6/e1_c4only_congressional_seed42.yaml	outputs/e1_c4only_all6_repeat6/congressional/seed42	e1_c4only
e1_c4only_congressional_seed123	congressional	123	configs/experiments/single_node_tuning_round23_dynamic/e1_c4only_all6_repeat6/e1_c4only_congressional_seed123.yaml	outputs/e1_c4only_all6_repeat6/congressional/seed123	e1_c4only
e1_c4only_congressional_seed456	congressional	456	configs/experiments/single_node_tuning_round23_dynamic/e1_c4only_all6_repeat6/e1_c4only_congressional_seed456.yaml	outputs/e1_c4only_all6_repeat6/congressional/seed456	e1_c4only
e1_c4only_congressional_seed789	congressional	789	configs/experiments/single_node_tuning_round23_dynamic/e1_c4only_all6_repeat6/e1_c4only_congressional_seed789.yaml	outputs/e1_c4only_all6_repeat6/congressional/seed789	e1_c4only
e1_c4only_congressional_seed1024	congressional	1024	configs/experiments/single_node_tuning_round23_dynamic/e1_c4only_all6_repeat6/e1_c4only_congressional_seed1024.yaml	outputs/e1_c4only_all6_repeat6/congressional/seed1024	e1_c4only
e1_c4only_congressional_seed2048	congressional	2048	configs/experiments/single_node_tuning_round23_dynamic/e1_c4only_all6_repeat6/e1_c4only_congressional_seed2048.yaml	outputs/e1_c4only_all6_repeat6/congressional/seed2048	e1_c4only
e1_c4only_forums_seed42	forums	42	configs/experiments/single_node_tuning_round23_dynamic/e1_c4only_all6_repeat6/e1_c4only_forums_seed42.yaml	outputs/e1_c4only_all6_repeat6/forums/seed42	e1_c4only
e1_c4only_forums_seed123	forums	123	configs/experiments/single_node_tuning_round23_dynamic/e1_c4only_all6_repeat6/e1_c4only_forums_seed123.yaml	outputs/e1_c4only_all6_repeat6/forums/seed123	e1_c4only
e1_c4only_forums_seed456	forums	456	configs/experiments/single_node_tuning_round23_dynamic/e1_c4only_all6_repeat6/e1_c4only_forums_seed456.yaml	outputs/e1_c4only_all6_repeat6/forums/seed456	e1_c4only
e1_c4only_forums_seed789	forums	789	configs/experiments/single_node_tuning_round23_dynamic/e1_c4only_all6_repeat6/e1_c4only_forums_seed789.yaml	outputs/e1_c4only_all6_repeat6/forums/seed789	e1_c4only
e1_c4only_forums_seed1024	forums	1024	configs/experiments/single_node_tuning_round23_dynamic/e1_c4only_all6_repeat6/e1_c4only_forums_seed1024.yaml	outputs/e1_c4only_all6_repeat6/forums/seed1024	e1_c4only
e1_c4only_forums_seed2048	forums	2048	configs/experiments/single_node_tuning_round23_dynamic/e1_c4only_all6_repeat6/e1_c4only_forums_seed2048.yaml	outputs/e1_c4only_all6_repeat6/forums/seed2048	e1_c4only
e1_c4only_microblog_seed42	microblog	42	configs/experiments/single_node_tuning_round23_dynamic/e1_c4only_all6_repeat6/e1_c4only_microblog_seed42.yaml	outputs/e1_c4only_all6_repeat6/microblog/seed42	e1_c4only
e1_c4only_microblog_seed123	microblog	123	configs/experiments/single_node_tuning_round23_dynamic/e1_c4only_all6_repeat6/e1_c4only_microblog_seed123.yaml	outputs/e1_c4only_all6_repeat6/microblog/seed123	e1_c4only
e1_c4only_microblog_seed456	microblog	456	configs/experiments/single_node_tuning_round23_dynamic/e1_c4only_all6_repeat6/e1_c4only_microblog_seed456.yaml	outputs/e1_c4only_all6_repeat6/microblog/seed456	e1_c4only
e1_c4only_microblog_seed789	microblog	789	configs/experiments/single_node_tuning_round23_dynamic/e1_c4only_all6_repeat6/e1_c4only_microblog_seed789.yaml	outputs/e1_c4only_all6_repeat6/microblog/seed789	e1_c4only
e1_c4only_microblog_seed1024	microblog	1024	configs/experiments/single_node_tuning_round23_dynamic/e1_c4only_all6_repeat6/e1_c4only_microblog_seed1024.yaml	outputs/e1_c4only_all6_repeat6/microblog/seed1024	e1_c4only
e1_c4only_microblog_seed2048	microblog	2048	configs/experiments/single_node_tuning_round23_dynamic/e1_c4only_all6_repeat6/e1_c4only_microblog_seed2048.yaml	outputs/e1_c4only_all6_repeat6/microblog/seed2048	e1_c4only
e1_c4only_imdb_seed42	imdb	42	configs/experiments/single_node_tuning_round23_dynamic/e1_c4only_all6_repeat6/e1_c4only_imdb_seed42.yaml	outputs/e1_c4only_all6_repeat6/imdb/seed42	e1_c4only
e1_c4only_imdb_seed123	imdb	123	configs/experiments/single_node_tuning_round23_dynamic/e1_c4only_all6_repeat6/e1_c4only_imdb_seed123.yaml	outputs/e1_c4only_all6_repeat6/imdb/seed123	e1_c4only
e1_c4only_imdb_seed456	imdb	456	configs/experiments/single_node_tuning_round23_dynamic/e1_c4only_all6_repeat6/e1_c4only_imdb_seed456.yaml	outputs/e1_c4only_all6_repeat6/imdb/seed456	e1_c4only
e1_c4only_imdb_seed789	imdb	789	configs/experiments/single_node_tuning_round23_dynamic/e1_c4only_all6_repeat6/e1_c4only_imdb_seed789.yaml	outputs/e1_c4only_all6_repeat6/imdb/seed789	e1_c4only
e1_c4only_imdb_seed1024	imdb	1024	configs/experiments/single_node_tuning_round23_dynamic/e1_c4only_all6_repeat6/e1_c4only_imdb_seed1024.yaml	outputs/e1_c4only_all6_repeat6/imdb/seed1024	e1_c4only
e1_c4only_imdb_seed2048	imdb	2048	configs/experiments/single_node_tuning_round23_dynamic/e1_c4only_all6_repeat6/e1_c4only_imdb_seed2048.yaml	outputs/e1_c4only_all6_repeat6/imdb/seed2048	e1_c4only
e1_c4only_openreview_seed42	openreview	42	configs/experiments/single_node_tuning_round23_dynamic/e1_c4only_all6_repeat6/e1_c4only_openreview_seed42.yaml	outputs/e1_c4only_all6_repeat6/openreview/seed42	e1_c4only
e1_c4only_openreview_seed123	openreview	123	configs/experiments/single_node_tuning_round23_dynamic/e1_c4only_all6_repeat6/e1_c4only_openreview_seed123.yaml	outputs/e1_c4only_all6_repeat6/openreview/seed123	e1_c4only
e1_c4only_openreview_seed456	openreview	456	configs/experiments/single_node_tuning_round23_dynamic/e1_c4only_all6_repeat6/e1_c4only_openreview_seed456.yaml	outputs/e1_c4only_all6_repeat6/openreview/seed456	e1_c4only
e1_c4only_openreview_seed789	openreview	789	configs/experiments/single_node_tuning_round23_dynamic/e1_c4only_all6_repeat6/e1_c4only_openreview_seed789.yaml	outputs/e1_c4only_all6_repeat6/openreview/seed789	e1_c4only
e1_c4only_openreview_seed1024	openreview	1024	configs/experiments/single_node_tuning_round23_dynamic/e1_c4only_all6_repeat6/e1_c4only_openreview_seed1024.yaml	outputs/e1_c4only_all6_repeat6/openreview/seed1024	e1_c4only
e1_c4only_openreview_seed2048	openreview	2048	configs/experiments/single_node_tuning_round23_dynamic/e1_c4only_all6_repeat6/e1_c4only_openreview_seed2048.yaml	outputs/e1_c4only_all6_repeat6/openreview/seed2048	e1_c4only
