experiment_id	dataset	seed	config_path	output_root	method	controller_scope	controller_bundle
r23_e7_nods_ud_r10_imdb_seed42	imdb	42	configs/experiments/single_node_tuning_round23_dynamic/e7_no_dataset_unseen_repeat10/r23_e7_nods_ud_r10_imdb_seed42.yaml	outputs/e7_no_dataset_unseen_repeat10/imdb/seed42	round23	all6	round23_e7_no_dataset_extratrees_all6
r23_e7_nods_ud_r10_imdb_seed123	imdb	123	configs/experiments/single_node_tuning_round23_dynamic/e7_no_dataset_unseen_repeat10/r23_e7_nods_ud_r10_imdb_seed123.yaml	outputs/e7_no_dataset_unseen_repeat10/imdb/seed123	round23	all6	round23_e7_no_dataset_extratrees_all6
r23_e7_nods_ud_r10_imdb_seed456	imdb	456	configs/experiments/single_node_tuning_round23_dynamic/e7_no_dataset_unseen_repeat10/r23_e7_nods_ud_r10_imdb_seed456.yaml	outputs/e7_no_dataset_unseen_repeat10/imdb/seed456	round23	all6	round23_e7_no_dataset_extratrees_all6
r23_e7_nods_ud_r10_imdb_seed789	imdb	789	configs/experiments/single_node_tuning_round23_dynamic/e7_no_dataset_unseen_repeat10/r23_e7_nods_ud_r10_imdb_seed789.yaml	outputs/e7_no_dataset_unseen_repeat10/imdb/seed789	round23	all6	round23_e7_no_dataset_extratrees_all6
r23_e7_nods_ud_r10_imdb_seed1024	imdb	1024	configs/experiments/single_node_tuning_round23_dynamic/e7_no_dataset_unseen_repeat10/r23_e7_nods_ud_r10_imdb_seed1024.yaml	outputs/e7_no_dataset_unseen_repeat10/imdb/seed1024	round23	all6	round23_e7_no_dataset_extratrees_all6
r23_e7_nods_ud_r10_imdb_seed2048	imdb	2048	configs/experiments/single_node_tuning_round23_dynamic/e7_no_dataset_unseen_repeat10/r23_e7_nods_ud_r10_imdb_seed2048.yaml	outputs/e7_no_dataset_unseen_repeat10/imdb/seed2048	round23	all6	round23_e7_no_dataset_extratrees_all6
r23_e7_nods_ud_r10_imdb_seed4096	imdb	4096	configs/experiments/single_node_tuning_round23_dynamic/e7_no_dataset_unseen_repeat10/r23_e7_nods_ud_r10_imdb_seed4096.yaml	outputs/e7_no_dataset_unseen_repeat10/imdb/seed4096	round23	all6	round23_e7_no_dataset_extratrees_all6
r23_e7_nods_ud_r10_imdb_seed8192	imdb	8192	configs/experiments/single_node_tuning_round23_dynamic/e7_no_dataset_unseen_repeat10/r23_e7_nods_ud_r10_imdb_seed8192.yaml	outputs/e7_no_dataset_unseen_repeat10/imdb/seed8192	round23	all6	round23_e7_no_dataset_extratrees_all6
r23_e7_nods_ud_r10_imdb_seed100	imdb	100	configs/experiments/single_node_tuning_round23_dynamic/e7_no_dataset_unseen_repeat10/r23_e7_nods_ud_r10_imdb_seed100.yaml	outputs/e7_no_dataset_unseen_repeat10/imdb/seed100	round23	all6	round23_e7_no_dataset_extratrees_all6
r23_e7_nods_ud_r10_imdb_seed200	imdb	200	configs/experiments/single_node_tuning_round23_dynamic/e7_no_dataset_unseen_repeat10/r23_e7_nods_ud_r10_imdb_seed200.yaml	outputs/e7_no_dataset_unseen_repeat10/imdb/seed200	round23	all6	round23_e7_no_dataset_extratrees_all6
r23_e7_nods_ud_r10_openreview_seed42	openreview	42	configs/experiments/single_node_tuning_round23_dynamic/e7_no_dataset_unseen_repeat10/r23_e7_nods_ud_r10_openreview_seed42.yaml	outputs/e7_no_dataset_unseen_repeat10/openreview/seed42	round23	all6	round23_e7_no_dataset_extratrees_all6
r23_e7_nods_ud_r10_openreview_seed123	openreview	123	configs/experiments/single_node_tuning_round23_dynamic/e7_no_dataset_unseen_repeat10/r23_e7_nods_ud_r10_openreview_seed123.yaml	outputs/e7_no_dataset_unseen_repeat10/openreview/seed123	round23	all6	round23_e7_no_dataset_extratrees_all6
r23_e7_nods_ud_r10_openreview_seed456	openreview	456	configs/experiments/single_node_tuning_round23_dynamic/e7_no_dataset_unseen_repeat10/r23_e7_nods_ud_r10_openreview_seed456.yaml	outputs/e7_no_dataset_unseen_repeat10/openreview/seed456	round23	all6	round23_e7_no_dataset_extratrees_all6
r23_e7_nods_ud_r10_openreview_seed789	openreview	789	configs/experiments/single_node_tuning_round23_dynamic/e7_no_dataset_unseen_repeat10/r23_e7_nods_ud_r10_openreview_seed789.yaml	outputs/e7_no_dataset_unseen_repeat10/openreview/seed789	round23	all6	round23_e7_no_dataset_extratrees_all6
r23_e7_nods_ud_r10_openreview_seed1024	openreview	1024	configs/experiments/single_node_tuning_round23_dynamic/e7_no_dataset_unseen_repeat10/r23_e7_nods_ud_r10_openreview_seed1024.yaml	outputs/e7_no_dataset_unseen_repeat10/openreview/seed1024	round23	all6	round23_e7_no_dataset_extratrees_all6
r23_e7_nods_ud_r10_openreview_seed2048	openreview	2048	configs/experiments/single_node_tuning_round23_dynamic/e7_no_dataset_unseen_repeat10/r23_e7_nods_ud_r10_openreview_seed2048.yaml	outputs/e7_no_dataset_unseen_repeat10/openreview/seed2048	round23	all6	round23_e7_no_dataset_extratrees_all6
r23_e7_nods_ud_r10_openreview_seed4096	openreview	4096	configs/experiments/single_node_tuning_round23_dynamic/e7_no_dataset_unseen_repeat10/r23_e7_nods_ud_r10_openreview_seed4096.yaml	outputs/e7_no_dataset_unseen_repeat10/openreview/seed4096	round23	all6	round23_e7_no_dataset_extratrees_all6
r23_e7_nods_ud_r10_openreview_seed8192	openreview	8192	configs/experiments/single_node_tuning_round23_dynamic/e7_no_dataset_unseen_repeat10/r23_e7_nods_ud_r10_openreview_seed8192.yaml	outputs/e7_no_dataset_unseen_repeat10/openreview/seed8192	round23	all6	round23_e7_no_dataset_extratrees_all6
r23_e7_nods_ud_r10_openreview_seed100	openreview	100	configs/experiments/single_node_tuning_round23_dynamic/e7_no_dataset_unseen_repeat10/r23_e7_nods_ud_r10_openreview_seed100.yaml	outputs/e7_no_dataset_unseen_repeat10/openreview/seed100	round23	all6	round23_e7_no_dataset_extratrees_all6
r23_e7_nods_ud_r10_openreview_seed200	openreview	200	configs/experiments/single_node_tuning_round23_dynamic/e7_no_dataset_unseen_repeat10/r23_e7_nods_ud_r10_openreview_seed200.yaml	outputs/e7_no_dataset_unseen_repeat10/openreview/seed200	round23	all6	round23_e7_no_dataset_extratrees_all6
