experiment_id	dataset	seed	config_path	output_root	method	controller_scope	controller_bundle	note
r23_e4_a_r15_jobs_seed42	jobs	42	configs/experiments/single_node_tuning_round23_dynamic/e4_a_oneshot_all6_repeat15/r23_e4_a_r15_jobs_seed42.yaml	outputs/e4_a_oneshot_all6_repeat15/jobs/seed42	round23_absk_oneshot	all6	round23_absk_1200_all6_top1_delta_m0005_extratrees_no_dataset	
r23_e4_a_r15_jobs_seed123	jobs	123	configs/experiments/single_node_tuning_round23_dynamic/e4_a_oneshot_all6_repeat15/r23_e4_a_r15_jobs_seed123.yaml	outputs/e4_a_oneshot_all6_repeat15/jobs/seed123	round23_absk_oneshot	all6	round23_absk_1200_all6_top1_delta_m0005_extratrees_no_dataset	
r23_e4_a_r15_jobs_seed456	jobs	456	configs/experiments/single_node_tuning_round23_dynamic/e4_a_oneshot_all6_repeat15/r23_e4_a_r15_jobs_seed456.yaml	outputs/e4_a_oneshot_all6_repeat15/jobs/seed456	round23_absk_oneshot	all6	round23_absk_1200_all6_top1_delta_m0005_extratrees_no_dataset	
r23_e4_a_r15_jobs_seed789	jobs	789	configs/experiments/single_node_tuning_round23_dynamic/e4_a_oneshot_all6_repeat15/r23_e4_a_r15_jobs_seed789.yaml	outputs/e4_a_oneshot_all6_repeat15/jobs/seed789	round23_absk_oneshot	all6	round23_absk_1200_all6_top1_delta_m0005_extratrees_no_dataset	
r23_e4_a_r15_jobs_seed1024	jobs	1024	configs/experiments/single_node_tuning_round23_dynamic/e4_a_oneshot_all6_repeat15/r23_e4_a_r15_jobs_seed1024.yaml	outputs/e4_a_oneshot_all6_repeat15/jobs/seed1024	round23_absk_oneshot	all6	round23_absk_1200_all6_top1_delta_m0005_extratrees_no_dataset	
r23_e4_a_r15_jobs_seed2048	jobs	2048	configs/experiments/single_node_tuning_round23_dynamic/e4_a_oneshot_all6_repeat15/r23_e4_a_r15_jobs_seed2048.yaml	outputs/e4_a_oneshot_all6_repeat15/jobs/seed2048	round23_absk_oneshot	all6	round23_absk_1200_all6_top1_delta_m0005_extratrees_no_dataset	
r23_e4_a_r15_jobs_seed4096	jobs	4096	configs/experiments/single_node_tuning_round23_dynamic/e4_a_oneshot_all6_repeat15/r23_e4_a_r15_jobs_seed4096.yaml	outputs/e4_a_oneshot_all6_repeat15/jobs/seed4096	round23_absk_oneshot	all6	round23_absk_1200_all6_top1_delta_m0005_extratrees_no_dataset	
r23_e4_a_r15_jobs_seed8192	jobs	8192	configs/experiments/single_node_tuning_round23_dynamic/e4_a_oneshot_all6_repeat15/r23_e4_a_r15_jobs_seed8192.yaml	outputs/e4_a_oneshot_all6_repeat15/jobs/seed8192	round23_absk_oneshot	all6	round23_absk_1200_all6_top1_delta_m0005_extratrees_no_dataset	
r23_e4_a_r15_jobs_seed100	jobs	100	configs/experiments/single_node_tuning_round23_dynamic/e4_a_oneshot_all6_repeat15/r23_e4_a_r15_jobs_seed100.yaml	outputs/e4_a_oneshot_all6_repeat15/jobs/seed100	round23_absk_oneshot	all6	round23_absk_1200_all6_top1_delta_m0005_extratrees_no_dataset	
r23_e4_a_r15_jobs_seed200	jobs	200	configs/experiments/single_node_tuning_round23_dynamic/e4_a_oneshot_all6_repeat15/r23_e4_a_r15_jobs_seed200.yaml	outputs/e4_a_oneshot_all6_repeat15/jobs/seed200	round23_absk_oneshot	all6	round23_absk_1200_all6_top1_delta_m0005_extratrees_no_dataset	
r23_e4_a_r15_jobs_seed300	jobs	300	configs/experiments/single_node_tuning_round23_dynamic/e4_a_oneshot_all6_repeat15/r23_e4_a_r15_jobs_seed300.yaml	outputs/e4_a_oneshot_all6_repeat15/jobs/seed300	round23_absk_oneshot	all6	round23_absk_1200_all6_top1_delta_m0005_extratrees_no_dataset	
r23_e4_a_r15_jobs_seed400	jobs	400	configs/experiments/single_node_tuning_round23_dynamic/e4_a_oneshot_all6_repeat15/r23_e4_a_r15_jobs_seed400.yaml	outputs/e4_a_oneshot_all6_repeat15/jobs/seed400	round23_absk_oneshot	all6	round23_absk_1200_all6_top1_delta_m0005_extratrees_no_dataset	
r23_e4_a_r15_jobs_seed500	jobs	500	configs/experiments/single_node_tuning_round23_dynamic/e4_a_oneshot_all6_repeat15/r23_e4_a_r15_jobs_seed500.yaml	outputs/e4_a_oneshot_all6_repeat15/jobs/seed500	round23_absk_oneshot	all6	round23_absk_1200_all6_top1_delta_m0005_extratrees_no_dataset	
r23_e4_a_r15_jobs_seed600	jobs	600	configs/experiments/single_node_tuning_round23_dynamic/e4_a_oneshot_all6_repeat15/r23_e4_a_r15_jobs_seed600.yaml	outputs/e4_a_oneshot_all6_repeat15/jobs/seed600	round23_absk_oneshot	all6	round23_absk_1200_all6_top1_delta_m0005_extratrees_no_dataset	
r23_e4_a_r15_jobs_seed700	jobs	700	configs/experiments/single_node_tuning_round23_dynamic/e4_a_oneshot_all6_repeat15/r23_e4_a_r15_jobs_seed700.yaml	outputs/e4_a_oneshot_all6_repeat15/jobs/seed700	round23_absk_oneshot	all6	round23_absk_1200_all6_top1_delta_m0005_extratrees_no_dataset	
r23_e4_a_r15_congressional_seed42	congressional	42	configs/experiments/single_node_tuning_round23_dynamic/e4_a_oneshot_all6_repeat15/r23_e4_a_r15_congressional_seed42.yaml	outputs/e4_a_oneshot_all6_repeat15/congressional/seed42	round23_absk_oneshot	all6	round23_absk_1200_all6_top1_delta_m0005_extratrees_no_dataset	
r23_e4_a_r15_congressional_seed123	congressional	123	configs/experiments/single_node_tuning_round23_dynamic/e4_a_oneshot_all6_repeat15/r23_e4_a_r15_congressional_seed123.yaml	outputs/e4_a_oneshot_all6_repeat15/congressional/seed123	round23_absk_oneshot	all6	round23_absk_1200_all6_top1_delta_m0005_extratrees_no_dataset	
r23_e4_a_r15_congressional_seed456	congressional	456	configs/experiments/single_node_tuning_round23_dynamic/e4_a_oneshot_all6_repeat15/r23_e4_a_r15_congressional_seed456.yaml	outputs/e4_a_oneshot_all6_repeat15/congressional/seed456	round23_absk_oneshot	all6	round23_absk_1200_all6_top1_delta_m0005_extratrees_no_dataset	
r23_e4_a_r15_congressional_seed789	congressional	789	configs/experiments/single_node_tuning_round23_dynamic/e4_a_oneshot_all6_repeat15/r23_e4_a_r15_congressional_seed789.yaml	outputs/e4_a_oneshot_all6_repeat15/congressional/seed789	round23_absk_oneshot	all6	round23_absk_1200_all6_top1_delta_m0005_extratrees_no_dataset	
r23_e4_a_r15_congressional_seed1024	congressional	1024	configs/experiments/single_node_tuning_round23_dynamic/e4_a_oneshot_all6_repeat15/r23_e4_a_r15_congressional_seed1024.yaml	outputs/e4_a_oneshot_all6_repeat15/congressional/seed1024	round23_absk_oneshot	all6	round23_absk_1200_all6_top1_delta_m0005_extratrees_no_dataset	
r23_e4_a_r15_congressional_seed2048	congressional	2048	configs/experiments/single_node_tuning_round23_dynamic/e4_a_oneshot_all6_repeat15/r23_e4_a_r15_congressional_seed2048.yaml	outputs/e4_a_oneshot_all6_repeat15/congressional/seed2048	round23_absk_oneshot	all6	round23_absk_1200_all6_top1_delta_m0005_extratrees_no_dataset	
r23_e4_a_r15_congressional_seed4096	congressional	4096	configs/experiments/single_node_tuning_round23_dynamic/e4_a_oneshot_all6_repeat15/r23_e4_a_r15_congressional_seed4096.yaml	outputs/e4_a_oneshot_all6_repeat15/congressional/seed4096	round23_absk_oneshot	all6	round23_absk_1200_all6_top1_delta_m0005_extratrees_no_dataset	
r23_e4_a_r15_congressional_seed8192	congressional	8192	configs/experiments/single_node_tuning_round23_dynamic/e4_a_oneshot_all6_repeat15/r23_e4_a_r15_congressional_seed8192.yaml	outputs/e4_a_oneshot_all6_repeat15/congressional/seed8192	round23_absk_oneshot	all6	round23_absk_1200_all6_top1_delta_m0005_extratrees_no_dataset	
r23_e4_a_r15_congressional_seed100	congressional	100	configs/experiments/single_node_tuning_round23_dynamic/e4_a_oneshot_all6_repeat15/r23_e4_a_r15_congressional_seed100.yaml	outputs/e4_a_oneshot_all6_repeat15/congressional/seed100	round23_absk_oneshot	all6	round23_absk_1200_all6_top1_delta_m0005_extratrees_no_dataset	
r23_e4_a_r15_congressional_seed200	congressional	200	configs/experiments/single_node_tuning_round23_dynamic/e4_a_oneshot_all6_repeat15/r23_e4_a_r15_congressional_seed200.yaml	outputs/e4_a_oneshot_all6_repeat15/congressional/seed200	round23_absk_oneshot	all6	round23_absk_1200_all6_top1_delta_m0005_extratrees_no_dataset	
r23_e4_a_r15_congressional_seed300	congressional	300	configs/experiments/single_node_tuning_round23_dynamic/e4_a_oneshot_all6_repeat15/r23_e4_a_r15_congressional_seed300.yaml	outputs/e4_a_oneshot_all6_repeat15/congressional/seed300	round23_absk_oneshot	all6	round23_absk_1200_all6_top1_delta_m0005_extratrees_no_dataset	
r23_e4_a_r15_congressional_seed400	congressional	400	configs/experiments/single_node_tuning_round23_dynamic/e4_a_oneshot_all6_repeat15/r23_e4_a_r15_congressional_seed400.yaml	outputs/e4_a_oneshot_all6_repeat15/congressional/seed400	round23_absk_oneshot	all6	round23_absk_1200_all6_top1_delta_m0005_extratrees_no_dataset	
r23_e4_a_r15_congressional_seed500	congressional	500	configs/experiments/single_node_tuning_round23_dynamic/e4_a_oneshot_all6_repeat15/r23_e4_a_r15_congressional_seed500.yaml	outputs/e4_a_oneshot_all6_repeat15/congressional/seed500	round23_absk_oneshot	all6	round23_absk_1200_all6_top1_delta_m0005_extratrees_no_dataset	
r23_e4_a_r15_congressional_seed600	congressional	600	configs/experiments/single_node_tuning_round23_dynamic/e4_a_oneshot_all6_repeat15/r23_e4_a_r15_congressional_seed600.yaml	outputs/e4_a_oneshot_all6_repeat15/congressional/seed600	round23_absk_oneshot	all6	round23_absk_1200_all6_top1_delta_m0005_extratrees_no_dataset	
r23_e4_a_r15_congressional_seed700	congressional	700	configs/experiments/single_node_tuning_round23_dynamic/e4_a_oneshot_all6_repeat15/r23_e4_a_r15_congressional_seed700.yaml	outputs/e4_a_oneshot_all6_repeat15/congressional/seed700	round23_absk_oneshot	all6	round23_absk_1200_all6_top1_delta_m0005_extratrees_no_dataset	
r23_e4_a_r15_forums_seed42	forums	42	configs/experiments/single_node_tuning_round23_dynamic/e4_a_oneshot_all6_repeat15/r23_e4_a_r15_forums_seed42.yaml	outputs/e4_a_oneshot_all6_repeat15/forums/seed42	round23_absk_oneshot	all6	round23_absk_1200_all6_top1_delta_m0005_extratrees_no_dataset	
r23_e4_a_r15_forums_seed123	forums	123	configs/experiments/single_node_tuning_round23_dynamic/e4_a_oneshot_all6_repeat15/r23_e4_a_r15_forums_seed123.yaml	outputs/e4_a_oneshot_all6_repeat15/forums/seed123	round23_absk_oneshot	all6	round23_absk_1200_all6_top1_delta_m0005_extratrees_no_dataset	
r23_e4_a_r15_forums_seed456	forums	456	configs/experiments/single_node_tuning_round23_dynamic/e4_a_oneshot_all6_repeat15/r23_e4_a_r15_forums_seed456.yaml	outputs/e4_a_oneshot_all6_repeat15/forums/seed456	round23_absk_oneshot	all6	round23_absk_1200_all6_top1_delta_m0005_extratrees_no_dataset	
r23_e4_a_r15_forums_seed789	forums	789	configs/experiments/single_node_tuning_round23_dynamic/e4_a_oneshot_all6_repeat15/r23_e4_a_r15_forums_seed789.yaml	outputs/e4_a_oneshot_all6_repeat15/forums/seed789	round23_absk_oneshot	all6	round23_absk_1200_all6_top1_delta_m0005_extratrees_no_dataset	
r23_e4_a_r15_forums_seed1024	forums	1024	configs/experiments/single_node_tuning_round23_dynamic/e4_a_oneshot_all6_repeat15/r23_e4_a_r15_forums_seed1024.yaml	outputs/e4_a_oneshot_all6_repeat15/forums/seed1024	round23_absk_oneshot	all6	round23_absk_1200_all6_top1_delta_m0005_extratrees_no_dataset	
r23_e4_a_r15_forums_seed2048	forums	2048	configs/experiments/single_node_tuning_round23_dynamic/e4_a_oneshot_all6_repeat15/r23_e4_a_r15_forums_seed2048.yaml	outputs/e4_a_oneshot_all6_repeat15/forums/seed2048	round23_absk_oneshot	all6	round23_absk_1200_all6_top1_delta_m0005_extratrees_no_dataset	
r23_e4_a_r15_forums_seed4096	forums	4096	configs/experiments/single_node_tuning_round23_dynamic/e4_a_oneshot_all6_repeat15/r23_e4_a_r15_forums_seed4096.yaml	outputs/e4_a_oneshot_all6_repeat15/forums/seed4096	round23_absk_oneshot	all6	round23_absk_1200_all6_top1_delta_m0005_extratrees_no_dataset	
r23_e4_a_r15_forums_seed8192	forums	8192	configs/experiments/single_node_tuning_round23_dynamic/e4_a_oneshot_all6_repeat15/r23_e4_a_r15_forums_seed8192.yaml	outputs/e4_a_oneshot_all6_repeat15/forums/seed8192	round23_absk_oneshot	all6	round23_absk_1200_all6_top1_delta_m0005_extratrees_no_dataset	
r23_e4_a_r15_forums_seed100	forums	100	configs/experiments/single_node_tuning_round23_dynamic/e4_a_oneshot_all6_repeat15/r23_e4_a_r15_forums_seed100.yaml	outputs/e4_a_oneshot_all6_repeat15/forums/seed100	round23_absk_oneshot	all6	round23_absk_1200_all6_top1_delta_m0005_extratrees_no_dataset	
r23_e4_a_r15_forums_seed200	forums	200	configs/experiments/single_node_tuning_round23_dynamic/e4_a_oneshot_all6_repeat15/r23_e4_a_r15_forums_seed200.yaml	outputs/e4_a_oneshot_all6_repeat15/forums/seed200	round23_absk_oneshot	all6	round23_absk_1200_all6_top1_delta_m0005_extratrees_no_dataset	
r23_e4_a_r15_forums_seed300	forums	300	configs/experiments/single_node_tuning_round23_dynamic/e4_a_oneshot_all6_repeat15/r23_e4_a_r15_forums_seed300.yaml	outputs/e4_a_oneshot_all6_repeat15/forums/seed300	round23_absk_oneshot	all6	round23_absk_1200_all6_top1_delta_m0005_extratrees_no_dataset	
r23_e4_a_r15_forums_seed400	forums	400	configs/experiments/single_node_tuning_round23_dynamic/e4_a_oneshot_all6_repeat15/r23_e4_a_r15_forums_seed400.yaml	outputs/e4_a_oneshot_all6_repeat15/forums/seed400	round23_absk_oneshot	all6	round23_absk_1200_all6_top1_delta_m0005_extratrees_no_dataset	
r23_e4_a_r15_forums_seed500	forums	500	configs/experiments/single_node_tuning_round23_dynamic/e4_a_oneshot_all6_repeat15/r23_e4_a_r15_forums_seed500.yaml	outputs/e4_a_oneshot_all6_repeat15/forums/seed500	round23_absk_oneshot	all6	round23_absk_1200_all6_top1_delta_m0005_extratrees_no_dataset	
r23_e4_a_r15_forums_seed600	forums	600	configs/experiments/single_node_tuning_round23_dynamic/e4_a_oneshot_all6_repeat15/r23_e4_a_r15_forums_seed600.yaml	outputs/e4_a_oneshot_all6_repeat15/forums/seed600	round23_absk_oneshot	all6	round23_absk_1200_all6_top1_delta_m0005_extratrees_no_dataset	
r23_e4_a_r15_forums_seed700	forums	700	configs/experiments/single_node_tuning_round23_dynamic/e4_a_oneshot_all6_repeat15/r23_e4_a_r15_forums_seed700.yaml	outputs/e4_a_oneshot_all6_repeat15/forums/seed700	round23_absk_oneshot	all6	round23_absk_1200_all6_top1_delta_m0005_extratrees_no_dataset	
r23_e4_a_r15_microblog_seed42	microblog	42	configs/experiments/single_node_tuning_round23_dynamic/e4_a_oneshot_all6_repeat15/r23_e4_a_r15_microblog_seed42.yaml	outputs/e4_a_oneshot_all6_repeat15/microblog/seed42	round23_absk_oneshot	all6	round23_absk_1200_all6_top1_delta_m0005_extratrees_no_dataset	
r23_e4_a_r15_microblog_seed123	microblog	123	configs/experiments/single_node_tuning_round23_dynamic/e4_a_oneshot_all6_repeat15/r23_e4_a_r15_microblog_seed123.yaml	outputs/e4_a_oneshot_all6_repeat15/microblog/seed123	round23_absk_oneshot	all6	round23_absk_1200_all6_top1_delta_m0005_extratrees_no_dataset	
r23_e4_a_r15_microblog_seed456	microblog	456	configs/experiments/single_node_tuning_round23_dynamic/e4_a_oneshot_all6_repeat15/r23_e4_a_r15_microblog_seed456.yaml	outputs/e4_a_oneshot_all6_repeat15/microblog/seed456	round23_absk_oneshot	all6	round23_absk_1200_all6_top1_delta_m0005_extratrees_no_dataset	
r23_e4_a_r15_microblog_seed789	microblog	789	configs/experiments/single_node_tuning_round23_dynamic/e4_a_oneshot_all6_repeat15/r23_e4_a_r15_microblog_seed789.yaml	outputs/e4_a_oneshot_all6_repeat15/microblog/seed789	round23_absk_oneshot	all6	round23_absk_1200_all6_top1_delta_m0005_extratrees_no_dataset	
r23_e4_a_r15_microblog_seed1024	microblog	1024	configs/experiments/single_node_tuning_round23_dynamic/e4_a_oneshot_all6_repeat15/r23_e4_a_r15_microblog_seed1024.yaml	outputs/e4_a_oneshot_all6_repeat15/microblog/seed1024	round23_absk_oneshot	all6	round23_absk_1200_all6_top1_delta_m0005_extratrees_no_dataset	
r23_e4_a_r15_microblog_seed2048	microblog	2048	configs/experiments/single_node_tuning_round23_dynamic/e4_a_oneshot_all6_repeat15/r23_e4_a_r15_microblog_seed2048.yaml	outputs/e4_a_oneshot_all6_repeat15/microblog/seed2048	round23_absk_oneshot	all6	round23_absk_1200_all6_top1_delta_m0005_extratrees_no_dataset	
r23_e4_a_r15_microblog_seed4096	microblog	4096	configs/experiments/single_node_tuning_round23_dynamic/e4_a_oneshot_all6_repeat15/r23_e4_a_r15_microblog_seed4096.yaml	outputs/e4_a_oneshot_all6_repeat15/microblog/seed4096	round23_absk_oneshot	all6	round23_absk_1200_all6_top1_delta_m0005_extratrees_no_dataset	
r23_e4_a_r15_microblog_seed8192	microblog	8192	configs/experiments/single_node_tuning_round23_dynamic/e4_a_oneshot_all6_repeat15/r23_e4_a_r15_microblog_seed8192.yaml	outputs/e4_a_oneshot_all6_repeat15/microblog/seed8192	round23_absk_oneshot	all6	round23_absk_1200_all6_top1_delta_m0005_extratrees_no_dataset	
r23_e4_a_r15_microblog_seed100	microblog	100	configs/experiments/single_node_tuning_round23_dynamic/e4_a_oneshot_all6_repeat15/r23_e4_a_r15_microblog_seed100.yaml	outputs/e4_a_oneshot_all6_repeat15/microblog/seed100	round23_absk_oneshot	all6	round23_absk_1200_all6_top1_delta_m0005_extratrees_no_dataset	
r23_e4_a_r15_microblog_seed200	microblog	200	configs/experiments/single_node_tuning_round23_dynamic/e4_a_oneshot_all6_repeat15/r23_e4_a_r15_microblog_seed200.yaml	outputs/e4_a_oneshot_all6_repeat15/microblog/seed200	round23_absk_oneshot	all6	round23_absk_1200_all6_top1_delta_m0005_extratrees_no_dataset	
r23_e4_a_r15_microblog_seed300	microblog	300	configs/experiments/single_node_tuning_round23_dynamic/e4_a_oneshot_all6_repeat15/r23_e4_a_r15_microblog_seed300.yaml	outputs/e4_a_oneshot_all6_repeat15/microblog/seed300	round23_absk_oneshot	all6	round23_absk_1200_all6_top1_delta_m0005_extratrees_no_dataset	
r23_e4_a_r15_microblog_seed400	microblog	400	configs/experiments/single_node_tuning_round23_dynamic/e4_a_oneshot_all6_repeat15/r23_e4_a_r15_microblog_seed400.yaml	outputs/e4_a_oneshot_all6_repeat15/microblog/seed400	round23_absk_oneshot	all6	round23_absk_1200_all6_top1_delta_m0005_extratrees_no_dataset	
r23_e4_a_r15_microblog_seed500	microblog	500	configs/experiments/single_node_tuning_round23_dynamic/e4_a_oneshot_all6_repeat15/r23_e4_a_r15_microblog_seed500.yaml	outputs/e4_a_oneshot_all6_repeat15/microblog/seed500	round23_absk_oneshot	all6	round23_absk_1200_all6_top1_delta_m0005_extratrees_no_dataset	
r23_e4_a_r15_microblog_seed600	microblog	600	configs/experiments/single_node_tuning_round23_dynamic/e4_a_oneshot_all6_repeat15/r23_e4_a_r15_microblog_seed600.yaml	outputs/e4_a_oneshot_all6_repeat15/microblog/seed600	round23_absk_oneshot	all6	round23_absk_1200_all6_top1_delta_m0005_extratrees_no_dataset	
r23_e4_a_r15_microblog_seed700	microblog	700	configs/experiments/single_node_tuning_round23_dynamic/e4_a_oneshot_all6_repeat15/r23_e4_a_r15_microblog_seed700.yaml	outputs/e4_a_oneshot_all6_repeat15/microblog/seed700	round23_absk_oneshot	all6	round23_absk_1200_all6_top1_delta_m0005_extratrees_no_dataset	
r23_e4_a_r15_imdb_seed42	imdb	42	configs/experiments/single_node_tuning_round23_dynamic/e4_a_oneshot_all6_repeat15/r23_e4_a_r15_imdb_seed42.yaml	outputs/e4_a_oneshot_all6_repeat15/imdb/seed42	round23_absk_oneshot	all6	round23_absk_1200_all6_top1_delta_m0005_extratrees_no_dataset	
r23_e4_a_r15_imdb_seed123	imdb	123	configs/experiments/single_node_tuning_round23_dynamic/e4_a_oneshot_all6_repeat15/r23_e4_a_r15_imdb_seed123.yaml	outputs/e4_a_oneshot_all6_repeat15/imdb/seed123	round23_absk_oneshot	all6	round23_absk_1200_all6_top1_delta_m0005_extratrees_no_dataset	
r23_e4_a_r15_imdb_seed456	imdb	456	configs/experiments/single_node_tuning_round23_dynamic/e4_a_oneshot_all6_repeat15/r23_e4_a_r15_imdb_seed456.yaml	outputs/e4_a_oneshot_all6_repeat15/imdb/seed456	round23_absk_oneshot	all6	round23_absk_1200_all6_top1_delta_m0005_extratrees_no_dataset	
r23_e4_a_r15_imdb_seed789	imdb	789	configs/experiments/single_node_tuning_round23_dynamic/e4_a_oneshot_all6_repeat15/r23_e4_a_r15_imdb_seed789.yaml	outputs/e4_a_oneshot_all6_repeat15/imdb/seed789	round23_absk_oneshot	all6	round23_absk_1200_all6_top1_delta_m0005_extratrees_no_dataset	
r23_e4_a_r15_imdb_seed1024	imdb	1024	configs/experiments/single_node_tuning_round23_dynamic/e4_a_oneshot_all6_repeat15/r23_e4_a_r15_imdb_seed1024.yaml	outputs/e4_a_oneshot_all6_repeat15/imdb/seed1024	round23_absk_oneshot	all6	round23_absk_1200_all6_top1_delta_m0005_extratrees_no_dataset	
r23_e4_a_r15_imdb_seed2048	imdb	2048	configs/experiments/single_node_tuning_round23_dynamic/e4_a_oneshot_all6_repeat15/r23_e4_a_r15_imdb_seed2048.yaml	outputs/e4_a_oneshot_all6_repeat15/imdb/seed2048	round23_absk_oneshot	all6	round23_absk_1200_all6_top1_delta_m0005_extratrees_no_dataset	
r23_e4_a_r15_imdb_seed4096	imdb	4096	configs/experiments/single_node_tuning_round23_dynamic/e4_a_oneshot_all6_repeat15/r23_e4_a_r15_imdb_seed4096.yaml	outputs/e4_a_oneshot_all6_repeat15/imdb/seed4096	round23_absk_oneshot	all6	round23_absk_1200_all6_top1_delta_m0005_extratrees_no_dataset	
r23_e4_a_r15_imdb_seed8192	imdb	8192	configs/experiments/single_node_tuning_round23_dynamic/e4_a_oneshot_all6_repeat15/r23_e4_a_r15_imdb_seed8192.yaml	outputs/e4_a_oneshot_all6_repeat15/imdb/seed8192	round23_absk_oneshot	all6	round23_absk_1200_all6_top1_delta_m0005_extratrees_no_dataset	
r23_e4_a_r15_imdb_seed100	imdb	100	configs/experiments/single_node_tuning_round23_dynamic/e4_a_oneshot_all6_repeat15/r23_e4_a_r15_imdb_seed100.yaml	outputs/e4_a_oneshot_all6_repeat15/imdb/seed100	round23_absk_oneshot	all6	round23_absk_1200_all6_top1_delta_m0005_extratrees_no_dataset	
r23_e4_a_r15_imdb_seed200	imdb	200	configs/experiments/single_node_tuning_round23_dynamic/e4_a_oneshot_all6_repeat15/r23_e4_a_r15_imdb_seed200.yaml	outputs/e4_a_oneshot_all6_repeat15/imdb/seed200	round23_absk_oneshot	all6	round23_absk_1200_all6_top1_delta_m0005_extratrees_no_dataset	
r23_e4_a_r15_imdb_seed300	imdb	300	configs/experiments/single_node_tuning_round23_dynamic/e4_a_oneshot_all6_repeat15/r23_e4_a_r15_imdb_seed300.yaml	outputs/e4_a_oneshot_all6_repeat15/imdb/seed300	round23_absk_oneshot	all6	round23_absk_1200_all6_top1_delta_m0005_extratrees_no_dataset	
r23_e4_a_r15_imdb_seed400	imdb	400	configs/experiments/single_node_tuning_round23_dynamic/e4_a_oneshot_all6_repeat15/r23_e4_a_r15_imdb_seed400.yaml	outputs/e4_a_oneshot_all6_repeat15/imdb/seed400	round23_absk_oneshot	all6	round23_absk_1200_all6_top1_delta_m0005_extratrees_no_dataset	
r23_e4_a_r15_imdb_seed500	imdb	500	configs/experiments/single_node_tuning_round23_dynamic/e4_a_oneshot_all6_repeat15/r23_e4_a_r15_imdb_seed500.yaml	outputs/e4_a_oneshot_all6_repeat15/imdb/seed500	round23_absk_oneshot	all6	round23_absk_1200_all6_top1_delta_m0005_extratrees_no_dataset	
r23_e4_a_r15_imdb_seed600	imdb	600	configs/experiments/single_node_tuning_round23_dynamic/e4_a_oneshot_all6_repeat15/r23_e4_a_r15_imdb_seed600.yaml	outputs/e4_a_oneshot_all6_repeat15/imdb/seed600	round23_absk_oneshot	all6	round23_absk_1200_all6_top1_delta_m0005_extratrees_no_dataset	
r23_e4_a_r15_imdb_seed700	imdb	700	configs/experiments/single_node_tuning_round23_dynamic/e4_a_oneshot_all6_repeat15/r23_e4_a_r15_imdb_seed700.yaml	outputs/e4_a_oneshot_all6_repeat15/imdb/seed700	round23_absk_oneshot	all6	round23_absk_1200_all6_top1_delta_m0005_extratrees_no_dataset	
r23_e4_a_r15_openreview_seed42	openreview	42	configs/experiments/single_node_tuning_round23_dynamic/e4_a_oneshot_all6_repeat15/r23_e4_a_r15_openreview_seed42.yaml	outputs/e4_a_oneshot_all6_repeat15/openreview/seed42	round23_absk_oneshot	all6	round23_absk_1200_all6_top1_delta_m0005_extratrees_no_dataset	
r23_e4_a_r15_openreview_seed123	openreview	123	configs/experiments/single_node_tuning_round23_dynamic/e4_a_oneshot_all6_repeat15/r23_e4_a_r15_openreview_seed123.yaml	outputs/e4_a_oneshot_all6_repeat15/openreview/seed123	round23_absk_oneshot	all6	round23_absk_1200_all6_top1_delta_m0005_extratrees_no_dataset	
r23_e4_a_r15_openreview_seed456	openreview	456	configs/experiments/single_node_tuning_round23_dynamic/e4_a_oneshot_all6_repeat15/r23_e4_a_r15_openreview_seed456.yaml	outputs/e4_a_oneshot_all6_repeat15/openreview/seed456	round23_absk_oneshot	all6	round23_absk_1200_all6_top1_delta_m0005_extratrees_no_dataset	
r23_e4_a_r15_openreview_seed789	openreview	789	configs/experiments/single_node_tuning_round23_dynamic/e4_a_oneshot_all6_repeat15/r23_e4_a_r15_openreview_seed789.yaml	outputs/e4_a_oneshot_all6_repeat15/openreview/seed789	round23_absk_oneshot	all6	round23_absk_1200_all6_top1_delta_m0005_extratrees_no_dataset	
r23_e4_a_r15_openreview_seed1024	openreview	1024	configs/experiments/single_node_tuning_round23_dynamic/e4_a_oneshot_all6_repeat15/r23_e4_a_r15_openreview_seed1024.yaml	outputs/e4_a_oneshot_all6_repeat15/openreview/seed1024	round23_absk_oneshot	all6	round23_absk_1200_all6_top1_delta_m0005_extratrees_no_dataset	
r23_e4_a_r15_openreview_seed2048	openreview	2048	configs/experiments/single_node_tuning_round23_dynamic/e4_a_oneshot_all6_repeat15/r23_e4_a_r15_openreview_seed2048.yaml	outputs/e4_a_oneshot_all6_repeat15/openreview/seed2048	round23_absk_oneshot	all6	round23_absk_1200_all6_top1_delta_m0005_extratrees_no_dataset	
r23_e4_a_r15_openreview_seed4096	openreview	4096	configs/experiments/single_node_tuning_round23_dynamic/e4_a_oneshot_all6_repeat15/r23_e4_a_r15_openreview_seed4096.yaml	outputs/e4_a_oneshot_all6_repeat15/openreview/seed4096	round23_absk_oneshot	all6	round23_absk_1200_all6_top1_delta_m0005_extratrees_no_dataset	
r23_e4_a_r15_openreview_seed8192	openreview	8192	configs/experiments/single_node_tuning_round23_dynamic/e4_a_oneshot_all6_repeat15/r23_e4_a_r15_openreview_seed8192.yaml	outputs/e4_a_oneshot_all6_repeat15/openreview/seed8192	round23_absk_oneshot	all6	round23_absk_1200_all6_top1_delta_m0005_extratrees_no_dataset	
r23_e4_a_r15_openreview_seed100	openreview	100	configs/experiments/single_node_tuning_round23_dynamic/e4_a_oneshot_all6_repeat15/r23_e4_a_r15_openreview_seed100.yaml	outputs/e4_a_oneshot_all6_repeat15/openreview/seed100	round23_absk_oneshot	all6	round23_absk_1200_all6_top1_delta_m0005_extratrees_no_dataset	
r23_e4_a_r15_openreview_seed200	openreview	200	configs/experiments/single_node_tuning_round23_dynamic/e4_a_oneshot_all6_repeat15/r23_e4_a_r15_openreview_seed200.yaml	outputs/e4_a_oneshot_all6_repeat15/openreview/seed200	round23_absk_oneshot	all6	round23_absk_1200_all6_top1_delta_m0005_extratrees_no_dataset	
r23_e4_a_r15_openreview_seed300	openreview	300	configs/experiments/single_node_tuning_round23_dynamic/e4_a_oneshot_all6_repeat15/r23_e4_a_r15_openreview_seed300.yaml	outputs/e4_a_oneshot_all6_repeat15/openreview/seed300	round23_absk_oneshot	all6	round23_absk_1200_all6_top1_delta_m0005_extratrees_no_dataset	
r23_e4_a_r15_openreview_seed400	openreview	400	configs/experiments/single_node_tuning_round23_dynamic/e4_a_oneshot_all6_repeat15/r23_e4_a_r15_openreview_seed400.yaml	outputs/e4_a_oneshot_all6_repeat15/openreview/seed400	round23_absk_oneshot	all6	round23_absk_1200_all6_top1_delta_m0005_extratrees_no_dataset	
r23_e4_a_r15_openreview_seed500	openreview	500	configs/experiments/single_node_tuning_round23_dynamic/e4_a_oneshot_all6_repeat15/r23_e4_a_r15_openreview_seed500.yaml	outputs/e4_a_oneshot_all6_repeat15/openreview/seed500	round23_absk_oneshot	all6	round23_absk_1200_all6_top1_delta_m0005_extratrees_no_dataset	
r23_e4_a_r15_openreview_seed600	openreview	600	configs/experiments/single_node_tuning_round23_dynamic/e4_a_oneshot_all6_repeat15/r23_e4_a_r15_openreview_seed600.yaml	outputs/e4_a_oneshot_all6_repeat15/openreview/seed600	round23_absk_oneshot	all6	round23_absk_1200_all6_top1_delta_m0005_extratrees_no_dataset	
r23_e4_a_r15_openreview_seed700	openreview	700	configs/experiments/single_node_tuning_round23_dynamic/e4_a_oneshot_all6_repeat15/r23_e4_a_r15_openreview_seed700.yaml	outputs/e4_a_oneshot_all6_repeat15/openreview/seed700	round23_absk_oneshot	all6	round23_absk_1200_all6_top1_delta_m0005_extratrees_no_dataset	
